phase,resolution_m,radius_m,run,target_id,target_lon,target_lat,target_height_agl_m,elapsed_s,read_s,dense_s,mask_s,total_s,cache_lookup_s,cache_status,rows,cols,state_bytes,baseline_rss_bytes,peak_rss_bytes
warm_uncached,5,1000.0,0,0,127.00002829110686,37.54954050092772,120.0,0.009119458991335705,0.0028812939999625087,0.003302408993477002,0.0014926240255590528,0.00897411402547732,0.0012967170041520149,disabled,401,401,160801,222367744,222388224
warm_uncached,5,1000.0,1,1,126.99524311420606,37.545311527271124,120.0,0.010647284012520686,0.003945932985516265,0.0038824600051157176,0.0015980869939085096,0.010485917999176309,0.0010590979945845902,disabled,401,401,160801,222519296,222527488
warm_uncached,5,1000.0,2,2,126.99423715263802,37.55500928397593,120.0,0.014617498003644869,0.004281234985683113,0.0072770130063872784,0.0017160910065285861,0.01445804099785164,0.0011824720131698996,disabled,401,401,160801,222523392,222527488
warm_uncached,5,1000.0,3,3,127.00779831866396,37.54285464789781,120.0,0.0161057619843632,0.008657002006657422,0.004150639986619353,0.0018137560109607875,0.015910993999568745,0.0012886759941466153,disabled,401,401,160801,222523392,222539776
warm_uncached,5,1000.0,4,4,127.0064726628693,37.55369503682594,120.0,0.015138866001507267,0.004505421995418146,0.006696232012473047,0.002267201984068379,0.014905997988535091,0.0014358320040628314,disabled,401,401,160801,222535680,222539776
warm_uncached,5,1000.0,5,0,127.00002829110686,37.54954050092772,120.0,0.01519522798480466,0.00478880200535059,0.0072542220004834235,0.0018354659841861576,0.015014661999884993,0.0011347009858582169,disabled,401,401,160801,222535680,222539776
warm_uncached,5,1000.0,6,1,126.99524311420606,37.545311527271124,120.0,0.00931149601819925,0.003238637000322342,0.003235245996620506,0.0017255919810850173,0.00917800099705346,0.000977185001829639,disabled,401,401,160801,222535680,222539776
warm_uncached,5,1000.0,7,2,126.99423715263802,37.55500928397593,120.0,0.01218156999675557,0.003991114004747942,0.003818508004769683,0.0030505399918183684,0.011977083020610735,0.001116330997319892,disabled,401,401,160801,222535680,222539776
warm_uncached,5,1000.0,8,3,127.00779831866396,37.54285464789781,120.0,0.013934613001765683,0.0068659569951705635,0.0032351470144931227,0.002443809004034847,0.013725486001931131,0.0011791329889092594,disabled,401,401,160801,222535680,222539776
warm_uncached,5,1000.0,9,4,127.0064726628693,37.55369503682594,120.0,0.014973929995903745,0.004552233993308619,0.006606139009818435,0.0022692909988109022,0.014745252003194764,0.0013151380117051303,disabled,401,401,160801,222535680,222539776
warm_uncached,5,1000.0,10,0,127.00002829110686,37.54954050092772,120.0,0.017376547009916976,0.008430684974882752,0.005356583016691729,0.0020275030110497028,0.017181000002892688,0.001364739000564441,disabled,401,401,160801,222535680,222539776
warm_uncached,5,1000.0,11,1,126.99524311420606,37.545311527271124,120.0,0.014546844991855323,0.007653916021808982,0.0037439649750012904,0.001796565018594265,0.0143993099918589,0.0012039739813189954,disabled,401,401,160801,222535680,222539776
warm_uncached,5,1000.0,12,2,126.99423715263802,37.55500928397593,120.0,0.015098324976861477,0.004485591984121129,0.007633355999132618,0.0017576829995959997,0.014932779013179243,0.0010549680155236274,disabled,401,401,160801,222535680,222539776
warm_uncached,5,1000.0,13,3,127.00779831866396,37.54285464789781,120.0,0.010929534997558221,0.004165210004430264,0.003701754001667723,0.0017214519903063774,0.010744417988462374,0.0011556620011106133,disabled,401,401,160801,222535680,222539776
warm_uncached,5,1000.0,14,4,127.0064726628693,37.55369503682594,120.0,0.014008634985657409,0.007250991009641439,0.0034412950044497848,0.001982521003810689,0.013834159006364644,0.0011580919963307679,disabled,401,401,160801,222535680,222539776
warm_uncached,5,1000.0,15,0,127.00002829110686,37.54954050092772,120.0,0.014624508010456339,0.003433553996728733,0.007616325019625947,0.0021079559810459614,0.014404059998923913,0.001244154991582036,disabled,401,401,160801,222535680,222539776
warm_uncached,5,1000.0,16,1,126.99524311420606,37.545311527271124,120.0,0.014599366986658424,0.005446075985673815,0.005217969010118395,0.002351375005673617,0.014368999021826312,0.001351619022898376,disabled,401,401,160801,222535680,222539776
warm_uncached,5,1000.0,17,2,126.99423715263802,37.55500928397593,120.0,0.012868664023699239,0.003945253003621474,0.0037058439920656383,0.0036766120174434036,0.012693787983153015,0.001364098978228867,disabled,401,401,160801,222535680,222539776
warm_uncached,5,1000.0,18,3,127.00779831866396,37.54285464789781,120.0,0.0176044559921138,0.008564359013689682,0.0041065679979510605,0.0032485080009792,0.017302095016930252,0.0013806000060867518,disabled,401,401,160801,222535680,222539776
warm_uncached,5,1000.0,19,4,127.0064726628693,37.55369503682594,120.0,0.01340502398670651,0.005015381000703201,0.004446990002179518,0.0023771660053171217,0.013194505998399109,0.0013539989886339754,disabled,401,401,160801,222535680,222539776
warm_uncached,5,1000.0,20,0,127.00002829110686,37.54954050092772,120.0,0.013231037999503314,0.005724946997361258,0.004138328979024664,0.0017807740077842027,0.013014778989600018,0.0013696190144401044,disabled,401,401,160801,222535680,222543872
warm_uncached,5,1000.0,21,1,126.99524311420606,37.545311527271124,120.0,0.012787202023901045,0.004846544994506985,0.004614106001099572,0.001688090997049585,0.012534871988464147,0.001384539995342493,disabled,401,401,160801,222539776,222543872
warm_uncached,5,1000.0,22,2,126.99423715263802,37.55500928397593,120.0,0.014733541989699006,0.007784030982293189,0.004034245008369908,0.0016433990094810724,0.01456053598667495,0.0010981500090565532,disabled,401,401,160801,222539776,222543872
warm_uncached,5,1000.0,23,3,127.00779831866396,37.54285464789781,120.0,0.015207518998067826,0.007915155991213396,0.004108257999178022,0.001922739000292495,0.015042993007227778,0.0010953690216410905,disabled,401,401,160801,222539776,222543872
warm_uncached,5,1000.0,24,4,127.0064726628693,37.55369503682594,120.0,0.014637748012319207,0.005448526993859559,0.006044948007911444,0.0017840039799921215,0.01447462200303562,0.0011958130053244531,disabled,401,401,160801,222539776,222543872
warm_uncached,5,1000.0,25,0,127.00002829110686,37.54954050092772,120.0,0.014625618001446128,0.007050023996271193,0.004405749001307413,0.00179196399403736,0.014470202004304156,0.001220915000885725,disabled,401,401,160801,222539776,222543872
warm_uncached,5,1000.0,26,1,126.99524311420606,37.545311527271124,120.0,0.014962919987738132,0.007729548990027979,0.004310965014155954,0.001693850994342938,0.014819224015809596,0.001084039016859606,disabled,401,401,160801,222539776,222543872
warm_uncached,5,1000.0,27,2,126.99423715263802,37.55500928397593,120.0,0.014318426983663812,0.0058964029885828495,0.004100598016520962,0.002967926993733272,0.01415225098025985,0.001186612993478775,disabled,401,401,160801,222539776,222543872
warm_uncached,5,1000.0,28,3,127.00779831866396,37.54285464789781,120.0,0.019135959999402985,0.008210266008973122,0.003914331988198683,0.0054985780152492225,0.018913401989266276,0.0012881959846708924,disabled,401,401,160801,222539776,222543872
warm_uncached,5,1000.0,29,4,127.0064726628693,37.55369503682594,120.0,0.012781852012267336,0.005886892002308741,0.0038027180125936866,0.0017040309903677553,0.0125956250121817,0.0012007640034426004,disabled,401,401,160801,222539776,222543872
exact_cache_hit,5,1000.0,0,0,127.00002829110686,37.54954050092772,120.0,0.0014989539922680706,0.0,0.0,0.0,0.001468463015044108,0.001396570005454123,memory_hit,401,401,160801,,
exact_cache_hit,5,1000.0,1,0,127.00002829110686,37.54954050092772,120.0,0.0005980010027997196,0.0,0.0,0.0,0.0005870710010640323,0.0005362090014386922,memory_hit,401,401,160801,,
exact_cache_hit,5,1000.0,2,0,127.00002829110686,37.54954050092772,120.0,0.003852099005598575,0.0,0.0,0.0,0.0038251879741437733,0.0037385349860414863,memory_hit,401,401,160801,,
exact_cache_hit,5,1000.0,3,0,127.00002829110686,37.54954050092772,120.0,0.000898822007002309,0.0,0.0,0.0,0.0008848720171954483,0.0008346100221388042,memory_hit,401,401,160801,,
exact_cache_hit,5,1000.0,4,0,127.00002829110686,37.54954050092772,120.0,0.0005452399782370776,0.0,0.0,0.0,0.0005345989775378257,0.0004749569925479591,memory_hit,401,401,160801,,
exact_cache_hit,5,1000.0,5,0,127.00002829110686,37.54954050092772,120.0,0.0005432589969132096,0.0,0.0,0.0,0.0005329989944584668,0.0004832470149267465,memory_hit,401,401,160801,,
exact_cache_hit,5,1000.0,6,0,127.00002829110686,37.54954050092772,120.0,0.0005371590086724609,0.0,0.0,0.0,0.0005280589975882322,0.0004783770127687603,memory_hit,401,401,160801,,
exact_cache_hit,5,1000.0,7,0,127.00002829110686,37.54954050092772,120.0,0.0005260090110823512,0.0,0.0,0.0,0.0005161690060049295,0.0004660070117097348,memory_hit,401,401,160801,,
exact_cache_hit,5,1000.0,8,0,127.00002829110686,37.54954050092772,120.0,0.0005452299956232309,0.0,0.0,0.0,0.0005365789984352887,0.0004886579990852624,memory_hit,401,401,160801,,
exact_cache_hit,5,1000.0,9,0,127.00002829110686,37.54954050092772,120.0,0.0005119089910294861,0.0,0.0,0.0,0.0005026480066590011,0.000453057000413537,memory_hit,401,401,160801,,
exact_cache_hit,5,1000.0,10,0,127.00002829110686,37.54954050092772,120.0,0.000536599982297048,0.0,0.0,0.0,0.0005276690062601119,0.0004781179886776954,memory_hit,401,401,160801,,
exact_cache_hit,5,1000.0,11,0,127.00002829110686,37.54954050092772,120.0,0.0005238690064288676,0.0,0.0,0.0,0.0005150189972482622,0.00046464698971249163,memory_hit,401,401,160801,,
exact_cache_hit,5,1000.0,12,0,127.00002829110686,37.54954050092772,120.0,0.0005567900079768151,0.0,0.0,0.0,0.0005471000040415674,0.0004995779891032726,memory_hit,401,401,160801,,
exact_cache_hit,5,1000.0,13,0,127.00002829110686,37.54954050092772,120.0,0.000504837982589379,0.0,0.0,0.0,0.0004963980172760785,0.00044797599548473954,memory_hit,401,401,160801,,
exact_cache_hit,5,1000.0,14,0,127.00002829110686,37.54954050092772,120.0,0.0005070189945399761,0.0,0.0,0.0,0.0004979679943062365,0.0004473859735298902,memory_hit,401,401,160801,,
exact_cache_hit,5,1000.0,15,0,127.00002829110686,37.54954050092772,120.0,0.0005155690014362335,0.0,0.0,0.0,0.0005065489967819303,0.00045699698966927826,memory_hit,401,401,160801,,
exact_cache_hit,5,1000.0,16,0,127.00002829110686,37.54954050092772,120.0,0.0005057279777247459,0.0,0.0,0.0,0.0004968569846823812,0.0004490759747568518,memory_hit,401,401,160801,,
exact_cache_hit,5,1000.0,17,0,127.00002829110686,37.54954050092772,120.0,0.0005842009850312024,0.0,0.0,0.0,0.0005755999882239848,0.0005241379840299487,memory_hit,401,401,160801,,
exact_cache_hit,5,1000.0,18,0,127.00002829110686,37.54954050092772,120.0,0.0005301490018609911,0.0,0.0,0.0,0.0005210289964452386,0.00047258700942620635,memory_hit,401,401,160801,,
exact_cache_hit,5,1000.0,19,0,127.00002829110686,37.54954050092772,120.0,0.000503647985169664,0.0,0.0,0.0,0.0004951579903718084,0.0004464859957806766,memory_hit,401,401,160801,,
exact_cache_hit,5,1000.0,20,0,127.00002829110686,37.54954050092772,120.0,0.0005167490162421018,0.0,0.0,0.0,0.0005076079978607595,0.0004531960003077984,memory_hit,401,401,160801,,
exact_cache_hit,5,1000.0,21,0,127.00002829110686,37.54954050092772,120.0,0.0005377790075726807,0.0,0.0,0.0,0.0005286189843900502,0.0004803169867955148,memory_hit,401,401,160801,,
exact_cache_hit,5,1000.0,22,0,127.00002829110686,37.54954050092772,120.0,0.0005094179941806942,0.0,0.0,0.0,0.0005002770049031824,0.00045131598017178476,memory_hit,401,401,160801,,
exact_cache_hit,5,1000.0,23,0,127.00002829110686,37.54954050092772,120.0,0.0005122990114614367,0.0,0.0,0.0,0.0005036079965066165,0.0004554160113912076,memory_hit,401,401,160801,,
exact_cache_hit,5,1000.0,24,0,127.00002829110686,37.54954050092772,120.0,0.0005181579908821732,0.0,0.0,0.0,0.0005097879911772907,0.0004625759902410209,memory_hit,401,401,160801,,
exact_cache_hit,5,1000.0,25,0,127.00002829110686,37.54954050092772,120.0,0.0005091789935249835,0.0,0.0,0.0,0.0005001779936719686,0.00045072700595483184,memory_hit,401,401,160801,,
exact_cache_hit,5,1000.0,26,0,127.00002829110686,37.54954050092772,120.0,0.0005183489993214607,0.0,0.0,0.0,0.0005085089942440391,0.00045362699893303216,memory_hit,401,401,160801,,
exact_cache_hit,5,1000.0,27,0,127.00002829110686,37.54954050092772,120.0,0.000525729003129527,0.0,0.0,0.0,0.0005167890049051493,0.0004670470079872757,memory_hit,401,401,160801,,
exact_cache_hit,5,1000.0,28,0,127.00002829110686,37.54954050092772,120.0,0.0005275789881125093,0.0,0.0,0.0,0.0005193180113565177,0.0004717270203400403,memory_hit,401,401,160801,,
exact_cache_hit,5,1000.0,29,0,127.00002829110686,37.54954050092772,120.0,0.0004928780253976583,0.0,0.0,0.0,0.00048380799125880003,0.0004366859793663025,memory_hit,401,401,160801,,
warm_uncached,5,3000.0,0,0,127.00002829110686,37.54954050092772,120.0,0.1360959820158314,0.0782418479793705,0.03451680301805027,0.02205810497980565,0.1359424569818657,0.0011238110018894076,disabled,1201,1201,1442401,240279552,240283648
warm_uncached,5,3000.0,1,1,126.99524311420606,37.545311527271124,120.0,0.1317470450012479,0.07312206400092691,0.035479848011163995,0.021695950999855995,0.13159065000945702,0.0012917270069010556,disabled,1201,1201,1442401,240279552,241725440
warm_uncached,5,3000.0,2,2,126.99423715263802,37.55500928397593,120.0,0.13108430602005683,0.07571030399412848,0.03560607001418248,0.018295877991477028,0.1308732180041261,0.0012596359883900732,disabled,1201,1201,1442401,241721344,241725440
warm_uncached,5,3000.0,3,3,127.00779831866396,37.54285464789781,120.0,0.1133848269819282,0.05982565099839121,0.03130173499812372,0.020803407998755574,0.1131967999972403,0.0012648160045500845,disabled,1201,1201,1442401,241721344,241725440
warm_uncached,5,3000.0,4,4,127.0064726628693,37.55369503682594,120.0,0.11639032501261681,0.06715615498251282,0.032068073021946475,0.015802417998202145,0.11611201500636525,0.0010827390069607645,disabled,1201,1201,1442401,241721344,241725440
warm_uncached,5,3000.0,5,0,127.00002829110686,37.54954050092772,120.0,0.12133688299218193,0.06785120998392813,0.03324913600226864,0.018879648996517062,0.12116324697853997,0.0011819619976449758,disabled,1201,1201,1442401,241721344,241725440
warm_uncached,5,3000.0,6,1,126.99524311420606,37.545311527271124,120.0,0.12156276000314392,0.06974295800318941,0.03238554499694146,0.018101310008205473,0.12141440500272438,0.0011833820026367903,disabled,1201,1201,1442401,241721344,241725440
warm_uncached,5,3000.0,7,2,126.99423715263802,37.55500928397593,120.0,0.13400770799489692,0.07869023000239395,0.034384355996735394,0.019563784007914364,0.1337911210139282,0.001150441006757319,disabled,1201,1201,1442401,241721344,241725440
warm_uncached,5,3000.0,8,3,127.00779831866396,37.54285464789781,120.0,0.13771489201462828,0.07837035800912417,0.035301899013575166,0.022663224983261898,0.13753474500845186,0.0011985629971604794,disabled,1201,1201,1442401,241721344,241725440
warm_uncached,5,3000.0,9,4,127.0064726628693,37.55369503682594,120.0,0.12030758598120883,0.07234062100178562,0.030191886005923152,0.01620143197942525,0.12014742000610568,0.0014122110151220113,disabled,1201,1201,1442401,241721344,241725440
warm_uncached,5,3000.0,10,0,127.00002829110686,37.54954050092772,120.0,0.1292725219973363,0.0679506599844899,0.03559332701843232,0.024390665988903493,0.12907952498062514,0.0011445019918028265,disabled,1201,1201,1442401,241721344,241725440
warm_uncached,5,3000.0,11,1,126.99524311420606,37.545311527271124,120.0,0.13203651900403202,0.0750831050099805,0.034409044979838654,0.02115978900110349,0.13181367100332864,0.0011602320009842515,disabled,1201,1201,1442401,241721344,241725440
warm_uncached,5,3000.0,12,2,126.99423715263802,37.55500928397593,120.0,0.13919139598147012,0.07561860399437137,0.04155855200951919,0.020547747990349308,0.13893629700760357,0.0012092030083294958,disabled,1201,1201,1442401,241721344,241725440
warm_uncached,5,3000.0,13,3,127.00779831866396,37.54285464789781,120.0,0.15092737702070735,0.08675602401490323,0.03927961000590585,0.0232991469965782,0.15070272999582812,0.0013673189969267696,disabled,1201,1201,1442401,241721344,241725440
warm_uncached,5,3000.0,14,4,127.0064726628693,37.55369503682594,120.0,0.177576643996872,0.09674639301374555,0.05273225301061757,0.026699457986978814,0.1773912369972095,0.0012119829771108925,disabled,1201,1201,1442401,241721344,241725440
warm_uncached,5,3000.0,15,0,127.00002829110686,37.54954050092772,120.0,0.13835382598335855,0.07923471400863491,0.036487480014329776,0.02089075997355394,0.1381137279968243,0.0014987939794082195,disabled,1201,1201,1442401,241721344,241725440
warm_uncached,5,3000.0,16,1,126.99524311420606,37.545311527271124,120.0,0.14788673800649121,0.08217723900452256,0.037241557001834735,0.026946797006530687,0.14768780101439916,0.0013208379969000816,disabled,1201,1201,1442401,241721344,241725440
warm_uncached,5,3000.0,17,2,126.99423715263802,37.55500928397593,120.0,0.15464632099610753,0.09021777202724479,0.04198138497304171,0.020893648004857823,0.15442249298212118,0.0013283979787956923,disabled,1201,1201,1442401,241721344,241725440
warm_uncached,5,3000.0,18,3,127.00779831866396,37.54285464789781,120.0,0.1416456860024482,0.08117481900262646,0.036928352987160906,0.022318600007565692,0.14145987899973989,0.001037117006490007,disabled,1201,1201,1442401,241721344,241725440
warm_uncached,5,3000.0,19,4,127.0064726628693,37.55369503682594,120.0,0.1590697000210639,0.09689649200299755,0.03851491000386886,0.022120142995845526,0.15887479300727136,0.0013423679920379072,disabled,1201,1201,1442401,241721344,241725440
warm_uncached,5,3000.0,20,0,127.00002829110686,37.54954050092772,120.0,0.14478865801356733,0.0830464249884244,0.03748732400708832,0.02265817200532183,0.14460397200309671,0.0014110410120338202,disabled,1201,1201,1442401,241721344,241725440
warm_uncached,5,3000.0,21,1,126.99524311420606,37.545311527271124,120.0,0.15530454498366453,0.0984729389892891,0.03823299001669511,0.01713836399721913,0.15507359700859524,0.001227783999638632,disabled,1201,1201,1442401,241721344,241725440
warm_uncached,5,3000.0,22,2,126.99423715263802,37.55500928397593,120.0,0.11916867000400089,0.06531361100496724,0.03442281298339367,0.017662023019511253,0.11901514499913901,0.0016158180078491569,disabled,1201,1201,1442401,241721344,241725440
warm_uncached,5,3000.0,23,3,127.00779831866396,37.54285464789781,120.0,0.12213708501076326,0.06682477501453832,0.032561305997660384,0.021376365009928122,0.121852715004934,0.0010875589796341956,disabled,1201,1201,1442401,241721344,241725440
warm_uncached,5,3000.0,24,4,127.0064726628693,37.55369503682594,120.0,0.13292103502317332,0.06688464200124145,0.04261520499130711,0.02160712200566195,0.132708196004387,0.0016002070042304695,disabled,1201,1201,1442401,241721344,241725440
warm_uncached,5,3000.0,25,0,127.00002829110686,37.54954050092772,120.0,0.11043378998874687,0.0631455689726863,0.03160436000325717,0.014306032011518255,0.11020740200183354,0.0011496510123834014,disabled,1201,1201,1442401,241721344,241729536
warm_uncached,5,3000.0,26,1,126.99524311420606,37.545311527271124,120.0,0.1170881979924161,0.0646322520042304,0.03239635899080895,0.018595614994410425,0.11686679100967012,0.001241235004272312,disabled,1201,1201,1442401,241725440,241729536
warm_uncached,5,3000.0,27,2,126.99423715263802,37.55500928397593,120.0,0.18430325298686512,0.11423920700326562,0.04370643399306573,0.025135967996902764,0.1841670469730161,0.001084867981262505,disabled,1201,1201,1442401,241725440,241729536
warm_uncached,5,3000.0,28,3,127.00779831866396,37.54285464789781,120.0,0.1477865069755353,0.0952960790018551,0.03325611900072545,0.017824098002165556,0.14759592901100405,0.0012184130027890205,disabled,1201,1201,1442401,241725440,241729536
warm_uncached,5,3000.0,29,4,127.0064726628693,37.55369503682594,120.0,0.14585191800142638,0.07900859601795673,0.038976584997726604,0.026490736985579133,0.14566919099888764,0.0011922829726245254,disabled,1201,1201,1442401,241725440,241729536
exact_cache_hit,5,3000.0,0,0,127.00002829110686,37.54954050092772,120.0,0.001640748989302665,0.0,0.0,0.0,0.0016168580041266978,0.001554396003484726,memory_hit,1201,1201,1442401,,
exact_cache_hit,5,3000.0,1,0,127.00002829110686,37.54954050092772,120.0,0.0005583199963439256,0.0,0.0,0.0,0.0005477490194607526,0.0004984780098311603,memory_hit,1201,1201,1442401,,
exact_cache_hit,5,3000.0,2,0,127.00002829110686,37.54954050092772,120.0,0.0005045879806857556,0.0,0.0,0.0,0.0004954769974574447,0.00044813600834459066,memory_hit,1201,1201,1442401,,
exact_cache_hit,5,3000.0,3,0,127.00002829110686,37.54954050092772,120.0,0.0005235389980953187,0.0,0.0,0.0,0.0005146789771970361,0.0004646769957616925,memory_hit,1201,1201,1442401,,
exact_cache_hit,5,3000.0,4,0,127.00002829110686,37.54954050092772,120.0,0.000499126996146515,0.0,0.0,0.0,0.0004910169809591025,0.0004444759979378432,memory_hit,1201,1201,1442401,,
exact_cache_hit,5,3000.0,5,0,127.00002829110686,37.54954050092772,120.0,0.000514749001013115,0.0,0.0,0.0,0.0005052979977335781,0.0004548259894363582,memory_hit,1201,1201,1442401,,
exact_cache_hit,5,3000.0,6,0,127.00002829110686,37.54954050092772,120.0,0.0004990780143998563,0.0,0.0,0.0,0.0004905480018351227,0.00044256600085645914,memory_hit,1201,1201,1442401,,
exact_cache_hit,5,3000.0,7,0,127.00002829110686,37.54954050092772,120.0,0.0005087780009489506,0.0,0.0,0.0,0.0005000180099159479,0.00045266601955518126,memory_hit,1201,1201,1442401,,
exact_cache_hit,5,3000.0,8,0,127.00002829110686,37.54954050092772,120.0,0.0004916570032946765,0.0,0.0,0.0,0.0004831870028283447,0.0004369549860712141,memory_hit,1201,1201,1442401,,
exact_cache_hit,5,3000.0,9,0,127.00002829110686,37.54954050092772,120.0,0.0005091879866085947,0.0,0.0,0.0,0.0005003180122002959,0.00045371599844656885,memory_hit,1201,1201,1442401,,
exact_cache_hit,5,3000.0,10,0,127.00002829110686,37.54954050092772,120.0,0.0005037679802626371,0.0,0.0,0.0,0.0004946879926137626,0.000445095996838063,memory_hit,1201,1201,1442401,,
exact_cache_hit,5,3000.0,11,0,127.00002829110686,37.54954050092772,120.0,0.0005077880050521344,0.0,0.0,0.0,0.000499236979521811,0.0004537559871096164,memory_hit,1201,1201,1442401,,
exact_cache_hit,5,3000.0,12,0,127.00002829110686,37.54954050092772,120.0,0.0005007479921914637,0.0,0.0,0.0,0.000492027000291273,0.0004425149818416685,memory_hit,1201,1201,1442401,,
exact_cache_hit,5,3000.0,13,0,127.00002829110686,37.54954050092772,120.0,0.000500738009577617,0.0,0.0,0.0,0.0004925380053464323,0.0004453360161278397,memory_hit,1201,1201,1442401,,
exact_cache_hit,5,3000.0,14,0,127.00002829110686,37.54954050092772,120.0,0.0030437389796134084,0.0,0.0,0.0,0.0030034970259293914,0.00045034600771032274,memory_hit,1201,1201,1442401,,
exact_cache_hit,5,3000.0,15,0,127.00002829110686,37.54954050092772,120.0,0.001176402991404757,0.0,0.0,0.0,0.0011539109982550144,0.0010966290137730539,memory_hit,1201,1201,1442401,,
exact_cache_hit,5,3000.0,16,0,127.00002829110686,37.54954050092772,120.0,0.0005578100099228323,0.0,0.0,0.0,0.0005482799897436053,0.0004999380034860224,memory_hit,1201,1201,1442401,,
exact_cache_hit,5,3000.0,17,0,127.00002829110686,37.54954050092772,120.0,0.000511827995069325,0.0,0.0,0.0,0.0005028480081818998,0.00045250600669533014,memory_hit,1201,1201,1442401,,
exact_cache_hit,5,3000.0,18,0,127.00002829110686,37.54954050092772,120.0,0.000534098973730579,0.0,0.0,0.0,0.0005252989940345287,0.00047736699343658984,memory_hit,1201,1201,1442401,,
exact_cache_hit,5,3000.0,19,0,127.00002829110686,37.54954050092772,120.0,0.0005132980004418641,0.0,0.0,0.0,0.0005045279976911843,0.00044766601058654487,memory_hit,1201,1201,1442401,,
exact_cache_hit,5,3000.0,20,0,127.00002829110686,37.54954050092772,120.0,0.000498526991577819,0.0,0.0,0.0,0.000489977013785392,0.00044248500489629805,memory_hit,1201,1201,1442401,,
exact_cache_hit,5,3000.0,21,0,127.00002829110686,37.54954050092772,120.0,0.0004909080162178725,0.0,0.0,0.0,0.0004807270015589893,0.00043106600060127676,memory_hit,1201,1201,1442401,,
exact_cache_hit,5,3000.0,22,0,127.00002829110686,37.54954050092772,120.0,0.0005126089963596314,0.0,0.0,0.0,0.0005039380048401654,0.00045380700612440705,memory_hit,1201,1201,1442401,,
exact_cache_hit,5,3000.0,23,0,127.00002829110686,37.54954050092772,120.0,0.0005428489821497351,0.0,0.0,0.0,0.0005336289759725332,0.00048227698425762355,memory_hit,1201,1201,1442401,,
exact_cache_hit,5,3000.0,24,0,127.00002829110686,37.54954050092772,120.0,0.000508277997141704,0.0,0.0,0.0,0.0004997079959139228,0.000451036001322791,memory_hit,1201,1201,1442401,,
exact_cache_hit,5,3000.0,25,0,127.00002829110686,37.54954050092772,120.0,0.000542919005965814,0.0,0.0,0.0,0.0005340889911167324,0.00048376701306551695,memory_hit,1201,1201,1442401,,
exact_cache_hit,5,3000.0,26,0,127.00002829110686,37.54954050092772,120.0,0.0005383289826568216,0.0,0.0,0.0,0.0005298190226312727,0.0004812370170839131,memory_hit,1201,1201,1442401,,
exact_cache_hit,5,3000.0,27,0,127.00002829110686,37.54954050092772,120.0,0.000513628008775413,0.0,0.0,0.0,0.0005046580045018345,0.0004564459959510714,memory_hit,1201,1201,1442401,,
exact_cache_hit,5,3000.0,28,0,127.00002829110686,37.54954050092772,120.0,0.0005091979983262718,0.0,0.0,0.0,0.0005001579993404448,0.0004504859971348196,memory_hit,1201,1201,1442401,,
exact_cache_hit,5,3000.0,29,0,127.00002829110686,37.54954050092772,120.0,0.0005726300005335361,0.0,0.0,0.0,0.0005625800113193691,0.0005121180147398263,memory_hit,1201,1201,1442401,,
warm_uncached,5,5000.0,0,0,127.00002829110686,37.54954050092772,120.0,0.4624383560148999,0.26857567799743265,0.11547488899668679,0.07720719699864276,0.46226811001542956,0.0010082560183946043,disabled,2001,2001,4004001,227528704,331632640
warm_uncached,5,5000.0,1,1,126.99524311420606,37.545311527271124,120.0,0.4319943170121405,0.25990094398730434,0.10844182199798524,0.062093315995298326,0.43183754198253155,0.0014006400015205145,disabled,2001,2001,4004001,331628544,335634432
warm_uncached,5,5000.0,2,2,126.99423715263802,37.55500928397593,120.0,0.4039774310076609,0.2274456099839881,0.10461219600983895,0.07043917299597524,0.4037709439871833,0.0012728449946735054,disabled,2001,2001,4004001,335630336,335634432
warm_uncached,5,5000.0,3,3,127.00779831866396,37.54285464789781,120.0,0.4194696369813755,0.24967658499372192,0.10257344800629653,0.06586090600467287,0.419279991008807,0.0011678120063152164,disabled,2001,2001,4004001,335630336,335634432
warm_uncached,5,5000.0,4,4,127.0064726628693,37.55369503682594,120.0,0.3536399110162165,0.20218622000538744,0.09247892998973839,0.05767694499809295,0.35346330399625003,0.0011197589919902384,disabled,2001,2001,4004001,335630336,335634432
warm_uncached,5,5000.0,5,0,127.00002829110686,37.54954050092772,120.0,0.408475025993539,0.24079190898919478,0.10431603001779877,0.06180193100590259,0.4082585489959456,0.0013474480074364692,disabled,2001,2001,4004001,335630336,335634432
warm_uncached,5,5000.0,6,1,126.99524311420606,37.545311527271124,120.0,0.4123892589996103,0.2468456890201196,0.10114512097788975,0.06302222100202926,0.41212185999029316,0.0011077389935962856,disabled,2001,2001,4004001,335630336,335634432
warm_uncached,5,5000.0,7,2,126.99423715263802,37.55500928397593,120.0,0.38302445999579504,0.22678826897754334,0.09910903900163248,0.0524226360139437,0.37971044299774803,0.0013882690109312534,disabled,2001,2001,4004001,335630336,335634432
warm_uncached,5,5000.0,8,3,127.00779831866396,37.54285464789781,120.0,0.47440686798654497,0.28955592500278726,0.10991712400573306,0.07336442300584167,0.47417599000618793,0.0013355480041354895,disabled,2001,2001,4004001,335630336,335634432
warm_uncached,5,5000.0,9,4,127.0064726628693,37.55369503682594,120.0,0.39181892698979937,0.22533709299750626,0.10004203600692563,0.0650806599878706,0.3916283209982794,0.0011670319945551455,disabled,2001,2001,4004001,335630336,335634432
warm_uncached,5,5000.0,10,0,127.00002829110686,37.54954050092772,120.0,0.4435119869885966,0.278670127998339,0.10196971101686358,0.06131207197904587,0.44326519800233655,0.0013117560010869056,disabled,2001,2001,4004001,335630336,335634432
warm_uncached,5,5000.0,11,1,126.99524311420606,37.545311527271124,120.0,0.3877678000135347,0.22741130299982615,0.09833458001958206,0.060588366992305964,0.3875638929894194,0.00122868298785761,disabled,2001,2001,4004001,335630336,335634432
warm_uncached,5,5000.0,12,2,126.99423715263802,37.55500928397593,120.0,0.4138056689989753,0.23664047801867127,0.10574156098300591,0.07009495300007984,0.41358366099302657,0.0010949790012091398,disabled,2001,2001,4004001,335630336,335634432
warm_uncached,5,5000.0,13,3,127.00779831866396,37.54285464789781,120.0,0.41237806700519286,0.24422859601327218,0.10236592497676611,0.06443618901539594,0.4121609700086992,0.0011285200016573071,disabled,2001,2001,4004001,335630336,335634432
warm_uncached,5,5000.0,14,4,127.0064726628693,37.55369503682594,120.0,0.41207359300460666,0.2405091600085143,0.10364592098630965,0.06667732799542136,0.4118941570050083,0.0010608480079099536,disabled,2001,2001,4004001,335630336,335634432
warm_uncached,5,5000.0,15,0,127.00002829110686,37.54954050092772,120.0,0.3651429140008986,0.20873483098694123,0.09414509299676865,0.06090569100342691,0.3649015440023504,0.0011146090109832585,disabled,2001,2001,4004001,335630336,335634432
warm_uncached,5,5000.0,16,1,126.99524311420606,37.545311527271124,120.0,0.39842561798286624,0.2555052530078683,0.09040335798636079,0.050746984023135155,0.3982679629989434,0.001610937004443258,disabled,2001,2001,4004001,335630336,335634432
warm_uncached,5,5000.0,17,2,126.99423715263802,37.55500928397593,120.0,0.34305575100006536,0.1969739549967926,0.08714224401046522,0.057494551001582295,0.34281517201452516,0.0012032320082653314,disabled,2001,2001,4004001,335630336,335634432
warm_uncached,5,5000.0,18,3,127.00779831866396,37.54285464789781,120.0,0.39772593800444156,0.22272141597932205,0.11068713400163688,0.06307014400954358,0.3975779930187855,0.0010976990160997957,disabled,2001,2001,4004001,335630336,335634432
warm_uncached,5,5000.0,19,4,127.0064726628693,37.55369503682594,120.0,0.4266742749896366,0.24233660599566065,0.115933088993188,0.06705487301223911,0.426472568011377,0.0011468000011518598,disabled,2001,2001,4004001,335630336,335634432
warm_uncached,5,5000.0,20,0,127.00002829110686,37.54954050092772,120.0,0.4575730509823188,0.27145499698235653,0.10664848901797086,0.07787351799197495,0.45737432298483327,0.0013959089992567897,disabled,2001,2001,4004001,335630336,335634432
warm_uncached,5,5000.0,21,1,126.99524311420606,37.545311527271124,120.0,0.41244897100841627,0.24362878501415253,0.10340601397911087,0.06397711101453751,0.4121411399974022,0.001126610004575923,disabled,2001,2001,4004001,335630336,335634432
warm_uncached,5,5000.0,22,2,126.99423715263802,37.55500928397593,120.0,0.4308893269917462,0.2585909700137563,0.10811671800911427,0.06278563998057507,0.43065904898685403,0.0011646309867501259,disabled,2001,2001,4004001,335630336,335634432
warm_uncached,5,5000.0,23,3,127.00779831866396,37.54285464789781,120.0,0.3701342870190274,0.22245433100033551,0.09711663599591702,0.049128339014714584,0.369909829023527,0.0012072930112481117,disabled,2001,2001,4004001,335630336,335634432
warm_uncached,5,5000.0,24,4,127.0064726628693,37.55369503682594,120.0,0.39640870501170866,0.22742948500672355,0.10592783498577774,0.06158207400585525,0.3962314789823722,0.0012905449839308858,disabled,2001,2001,4004001,335630336,335634432
warm_uncached,5,5000.0,25,0,127.00002829110686,37.54954050092772,120.0,0.3816846109984908,0.22182587799034081,0.10121630498906597,0.057070693001151085,0.38150176499038935,0.001387869007885456,disabled,2001,2001,4004001,335630336,335634432
warm_uncached,5,5000.0,26,1,126.99524311420606,37.545311527271124,120.0,0.37546830100473017,0.19721610599663109,0.10834499399061315,0.06861596499220468,0.375317084020935,0.001139159023296088,disabled,2001,2001,4004001,335630336,335634432
warm_uncached,5,5000.0,27,2,126.99423715263802,37.55500928397593,120.0,0.39300573299988173,0.23721990300691687,0.09934273900580592,0.05501296100555919,0.3927388140000403,0.0011623209866229445,disabled,2001,2001,4004001,335630336,335634432
warm_uncached,5,5000.0,28,3,127.00779831866396,37.54285464789781,120.0,0.3151057279901579,0.17210695400717668,0.09052273500128649,0.0511160820024088,0.31492541197803803,0.0011787609837483615,disabled,2001,2001,4004001,335630336,335634432
warm_uncached,5,5000.0,29,4,127.0064726628693,37.55369503682594,120.0,0.37599344601039775,0.21308389800833538,0.09229478699853644,0.06929992500226945,0.37577817801502533,0.0010978479986079037,disabled,2001,2001,4004001,335630336,335634432
exact_cache_hit,5,5000.0,0,0,127.00002829110686,37.54954050092772,120.0,0.001312876003794372,0.0,0.0,0.0,0.0012958850129507482,0.0012371930060908198,memory_hit,2001,2001,4004001,,
exact_cache_hit,5,5000.0,1,0,127.00002829110686,37.54954050092772,120.0,0.0005410790035966784,0.0,0.0,0.0,0.0005314490117598325,0.00048174700350500643,memory_hit,2001,2001,4004001,,
exact_cache_hit,5,5000.0,2,0,127.00002829110686,37.54954050092772,120.0,0.0005293280119076371,0.0,0.0,0.0,0.0005204780027270317,0.0004708259948529303,memory_hit,2001,2001,4004001,,
exact_cache_hit,5,5000.0,3,0,127.00002829110686,37.54954050092772,120.0,0.0005234279960859567,0.0,0.0,0.0,0.000514368002768606,0.00046676601050421596,memory_hit,2001,2001,4004001,,
exact_cache_hit,5,5000.0,4,0,127.00002829110686,37.54954050092772,120.0,0.0005255680007394403,0.0,0.0,0.0,0.0005082180141471326,0.00045718601904809475,memory_hit,2001,2001,4004001,,
exact_cache_hit,5,5000.0,5,0,127.00002829110686,37.54954050092772,120.0,0.00051578797865659,0.0,0.0,0.0,0.0005066079902462661,0.0004578160005621612,memory_hit,2001,2001,4004001,,
exact_cache_hit,5,5000.0,6,0,127.00002829110686,37.54954050092772,120.0,0.0005193489778321236,0.0,0.0,0.0,0.0005104269948787987,0.00046114600263535976,memory_hit,2001,2001,4004001,,
exact_cache_hit,5,5000.0,7,0,127.00002829110686,37.54954050092772,120.0,0.00051037801313214,0.0,0.0,0.0,0.0005007180152460933,0.00044866601820103824,memory_hit,2001,2001,4004001,,
exact_cache_hit,5,5000.0,8,0,127.00002829110686,37.54954050092772,120.0,0.0005209379887674004,0.0,0.0,0.0,0.0005123080045450479,0.00046249598381109536,memory_hit,2001,2001,4004001,,
exact_cache_hit,5,5000.0,9,0,127.00002829110686,37.54954050092772,120.0,0.0005083970027044415,0.0,0.0,0.0,0.0004985370032954961,0.0004406050138641149,memory_hit,2001,2001,4004001,,
exact_cache_hit,5,5000.0,10,0,127.00002829110686,37.54954050092772,120.0,0.0005293080175761133,0.0,0.0,0.0,0.0005206080095376819,0.0004708360065706074,memory_hit,2001,2001,4004001,,
exact_cache_hit,5,5000.0,11,0,127.00002829110686,37.54954050092772,120.0,0.000511977996211499,0.0,0.0,0.0,0.0005029480089433491,0.0004507160047069192,memory_hit,2001,2001,4004001,,
exact_cache_hit,5,5000.0,12,0,127.00002829110686,37.54954050092772,120.0,0.0005234080017544329,0.0,0.0,0.0,0.0005144779861439019,0.00046542598283849657,memory_hit,2001,2001,4004001,,
exact_cache_hit,5,5000.0,13,0,127.00002829110686,37.54954050092772,120.0,0.0005215679993852973,0.0,0.0,0.0,0.0005126870237290859,0.00046451602247543633,memory_hit,2001,2001,4004001,,
exact_cache_hit,5,5000.0,14,0,127.00002829110686,37.54954050092772,120.0,0.0005354890017770231,0.0,0.0,0.0,0.0005263490020297468,0.00047700697905384004,memory_hit,2001,2001,4004001,,
exact_cache_hit,5,5000.0,15,0,127.00002829110686,37.54954050092772,120.0,0.0005284679937176406,0.0,0.0,0.0,0.0005190980155020952,0.0004672560025937855,memory_hit,2001,2001,4004001,,
exact_cache_hit,5,5000.0,16,0,127.00002829110686,37.54954050092772,120.0,0.0005374689935706556,0.0,0.0,0.0,0.0005284080107230693,0.00047764700138941407,memory_hit,2001,2001,4004001,,
exact_cache_hit,5,5000.0,17,0,127.00002829110686,37.54954050092772,120.0,0.0005349389975890517,0.0,0.0,0.0,0.0005256189906504005,0.00047657699906267226,memory_hit,2001,2001,4004001,,
exact_cache_hit,5,5000.0,18,0,127.00002829110686,37.54954050092772,120.0,0.0005265979852993041,0.0,0.0,0.0,0.000517397973453626,0.0004681559803429991,memory_hit,2001,2001,4004001,,
exact_cache_hit,5,5000.0,19,0,127.00002829110686,37.54954050092772,120.0,0.0005163979949429631,0.0,0.0,0.0,0.0005076370143797249,0.0004583560221362859,memory_hit,2001,2001,4004001,,
exact_cache_hit,5,5000.0,20,0,127.00002829110686,37.54954050092772,120.0,0.0004895370220765471,0.0,0.0,0.0,0.0004807270015589893,0.0004333159886300564,memory_hit,2001,2001,4004001,,
exact_cache_hit,5,5000.0,21,0,127.00002829110686,37.54954050092772,120.0,0.0005147880001459271,0.0,0.0,0.0,0.0005061379924882203,0.00045483600115403533,memory_hit,2001,2001,4004001,,
exact_cache_hit,5,5000.0,22,0,127.00002829110686,37.54954050092772,120.0,0.000513587991008535,0.0,0.0,0.0,0.0005047369922976941,0.0004557959910016507,memory_hit,2001,2001,4004001,,
exact_cache_hit,5,5000.0,23,0,127.00002829110686,37.54954050092772,120.0,0.0005237490113358945,0.0,0.0,0.0,0.0005150680080987513,0.00046462699538096786,memory_hit,2001,2001,4004001,,
exact_cache_hit,5,5000.0,24,0,127.00002829110686,37.54954050092772,120.0,0.0004999579978175461,0.0,0.0,0.0,0.000490676990011707,0.0004431260167621076,memory_hit,2001,2001,4004001,,
exact_cache_hit,5,5000.0,25,0,127.00002829110686,37.54954050092772,120.0,0.0005038980161771178,0.0,0.0,0.0,0.0004954879987053573,0.00044735599658451974,memory_hit,2001,2001,4004001,,
exact_cache_hit,5,5000.0,26,0,127.00002829110686,37.54954050092772,120.0,0.0004997869837097824,0.0,0.0,0.0,0.0004909870040137321,0.0004422950150910765,memory_hit,2001,2001,4004001,,
exact_cache_hit,5,5000.0,27,0,127.00002829110686,37.54954050092772,120.0,0.003930616978323087,0.0,0.0,0.0,0.003904796001734212,0.003830443019978702,memory_hit,2001,2001,4004001,,
exact_cache_hit,5,5000.0,28,0,127.00002829110686,37.54954050092772,120.0,0.0006404719897545874,0.0,0.0,0.0,0.0006265419942792505,0.0005736500024795532,memory_hit,2001,2001,4004001,,
exact_cache_hit,5,5000.0,29,0,127.00002829110686,37.54954050092772,120.0,0.0005206780042499304,0.0,0.0,0.0,0.000512018013978377,0.0004571360186673701,memory_hit,2001,2001,4004001,,
warm_uncached,5,10000.0,0,0,127.00002829110686,37.54954050092772,120.0,2.300896778993774,1.653440245980164,0.3887385039997753,0.25533568300306797,2.2999949479999486,0.0024773949990049005,disabled,4001,4001,16008001,303894528,590438400
warm_uncached,5,10000.0,1,1,126.99524311420606,37.545311527271124,120.0,2.2184226189856417,1.534306312998524,0.3940105579968076,0.2850232450000476,2.217427105002571,0.004085588996531442,disabled,4001,4001,16008001,414298112,622489600
warm_uncached,5,10000.0,2,2,126.99423715263802,37.55500928397593,120.0,2.401793822005857,1.7055580510059372,0.3968334280070849,0.29213905800133944,2.4016450970084406,0.007113019993994385,disabled,4001,4001,16008001,446328832,606412800
warm_uncached,5,10000.0,3,3,127.00779831866396,37.54285464789781,120.0,2.268653439998161,1.5704284149978776,0.40745754502131604,0.28778962898650207,2.2684623429959174,0.00278593398979865,disabled,4001,4001,16008001,494366720,622436352
warm_uncached,5,10000.0,4,4,127.0064726628693,37.55369503682594,120.0,2.288527780008735,1.6453060870117042,0.4029372069926467,0.2357354830019176,2.2883454539987724,0.004365236993180588,disabled,4001,4001,16008001,510377984,638447616
warm_uncached,5,10000.0,5,0,127.00002829110686,37.54954050092772,120.0,2.343479748000391,1.6683901470096316,0.40716308599803597,0.265197893982986,2.343322052998701,0.0025693259958643466,disabled,4001,4001,16008001,510377984,638447616
warm_uncached,5,10000.0,6,1,126.99524311420606,37.545311527271124,120.0,2.409591023984831,1.7250205529853702,0.42161472100997344,0.2586871979874559,2.4094173980120104,0.004093746014405042,disabled,4001,4001,16008001,510377984,638447616
warm_uncached,5,10000.0,7,2,126.99423715263802,37.55500928397593,120.0,2.2625829330063425,1.640632100024959,0.37414277499192394,0.2434973540075589,2.2624008569982834,0.004127136984607205,disabled,4001,4001,16008001,510406656,638476288
warm_uncached,5,10000.0,8,3,127.00779831866396,37.54285464789781,120.0,2.2593781290051993,1.5187705740099773,0.42009577600401826,0.3177107269875705,2.2591819030058105,0.002603645989438519,disabled,4001,4001,16008001,510406656,638476288
warm_uncached,5,10000.0,9,4,127.0064726628693,37.55369503682594,120.0,2.3616078550112434,1.707657686987659,0.37390942202182487,0.2727105259837117,2.361398769018706,0.007119834015611559,disabled,4001,4001,16008001,525910016,653979648
warm_uncached,5,10000.0,10,0,127.00002829110686,37.54954050092772,120.0,2.4742130899976473,1.7552351389895193,0.4339773220126517,0.2821679459884763,2.474033573002089,0.002652566006872803,disabled,4001,4001,16008001,525910016,653979648
warm_uncached,5,10000.0,11,1,126.99524311420606,37.545311527271124,120.0,2.4829776960250456,1.7958908010041341,0.40680394900846295,0.27376159399864264,2.482822240999667,0.006365367007674649,disabled,4001,4001,16008001,525910016,653979648
warm_uncached,5,10000.0,12,2,126.99423715263802,37.55500928397593,120.0,2.5336364969844,1.7913445830054116,0.4128962679824326,0.325346575002186,2.533382169000106,0.0037913630076218396,disabled,4001,4001,16008001,525910016,653979648
warm_uncached,5,10000.0,13,3,127.00779831866396,37.54285464789781,120.0,2.5191688630147837,1.8417499120114371,0.40134827798465267,0.2724642160173971,2.5190011669765227,0.0034377609845250845,disabled,4001,4001,16008001,525910016,653979648
warm_uncached,5,10000.0,14,4,127.0064726628693,37.55369503682594,120.0,2.0072963169950526,1.4332150270056445,0.38350959098897874,0.18640893400879577,2.0071424509806093,0.004007898998679593,disabled,4001,4001,16008001,525910016,653979648
warm_uncached,5,10000.0,15,0,127.00002829110686,37.54954050092772,120.0,2.2737914609897416,1.5744943989848252,0.4434403770137578,0.2528646689897869,2.273529113008408,0.002727718005189672,disabled,4001,4001,16008001,525910016,653979648
warm_uncached,5,10000.0,16,1,126.99524311420606,37.545311527271124,120.0,2.6425019660091493,1.898204388009617,0.41447309000068344,0.32459373099845834,2.6423074600170366,0.00503491100971587,disabled,4001,4001,16008001,525910016,653979648
warm_uncached,5,10000.0,17,2,126.99423715263802,37.55500928397593,120.0,2.3567501649959013,1.6987047089787666,0.3804417490027845,0.27362391899805516,2.356569027993828,0.003797651006607339,disabled,4001,4001,16008001,525910016,653979648
warm_uncached,5,10000.0,18,3,127.00779831866396,37.54285464789781,120.0,2.344120534020476,1.6533223239821382,0.4432643690088298,0.24393923801835626,2.3438883269845974,0.003360925999004394,disabled,4001,4001,16008001,525910016,653987840
warm_uncached,5,10000.0,19,4,127.0064726628693,37.55369503682594,120.0,2.4682720089913346,1.756886413990287,0.42830994099495,0.27891161301522516,2.4680316319863778,0.003922264004359022,disabled,4001,4001,16008001,526172160,654241792
warm_uncached,5,10000.0,20,0,127.00002829110686,37.54954050092772,120.0,2.473845116008306,1.8079736980143934,0.41788906799047254,0.24464624500251375,2.473653399007162,0.003143587993690744,disabled,4001,4001,16008001,526172160,654241792
warm_uncached,5,10000.0,21,1,126.99524311420606,37.545311527271124,120.0,2.219431376986904,1.600360042997636,0.34089480800321326,0.2739162030047737,2.219242891005706,0.004070187016623095,disabled,4001,4001,16008001,526172160,654241792
warm_uncached,5,10000.0,22,2,126.99423715263802,37.55500928397593,120.0,2.3226736670185346,1.6376396249979734,0.36199583200505003,0.3189778639934957,2.32241221901495,0.003796408011112362,disabled,4001,4001,16008001,526172160,654241792
warm_uncached,5,10000.0,23,3,127.00779831866396,37.54285464789781,120.0,2.5212568209972233,1.82495748999645,0.43517244601389393,0.25773533998290077,2.5210947359737474,0.0032288699876517057,disabled,4001,4001,16008001,526172160,654241792
warm_uncached,5,10000.0,24,4,127.0064726628693,37.55369503682594,120.0,2.391242544981651,1.6410426439833827,0.451976200012723,0.2900495580106508,2.391043418989284,0.007973297004355118,disabled,4001,4001,16008001,526172160,654241792
warm_uncached,5,10000.0,25,0,127.00002829110686,37.54954050092772,120.0,2.583803560992237,1.8674515960155986,0.4482949959929101,0.26489432199741714,2.5836257060000207,0.0029834719898644835,disabled,4001,4001,16008001,526172160,654241792
warm_uncached,5,10000.0,26,1,126.99524311420606,37.545311527271124,120.0,2.3649171800061595,1.6669824109994806,0.4023387849738356,0.28800584201235324,2.3646561630012,0.007326955004828051,disabled,4001,4001,16008001,526172160,654241792
warm_uncached,5,10000.0,27,2,126.99423715263802,37.55500928397593,120.0,2.311808580008801,1.6172495369974058,0.4403262209962122,0.2491436669952236,2.311634754994884,0.004913229990052059,disabled,4001,4001,16008001,526172160,654241792
warm_uncached,5,10000.0,28,3,127.00779831866396,37.54285464789781,120.0,2.4126185290224385,1.7317524449899793,0.39152527699479833,0.28653389200917445,2.412461684027221,0.0026492100150790066,disabled,4001,4001,16008001,526172160,654241792
warm_uncached,5,10000.0,29,4,127.0064726628693,37.55369503682594,120.0,2.4107219520083163,1.759778184001334,0.4106326100009028,0.23521126300329342,2.410574726993218,0.004951779992552474,disabled,4001,4001,16008001,526172160,654241792
exact_cache_hit,5,10000.0,0,0,127.00002829110686,37.54954050092772,120.0,0.003989189019193873,0.0,0.0,0.0,0.003959549008868635,0.003880945994751528,memory_hit,4001,4001,16008001,,
exact_cache_hit,5,10000.0,1,0,127.00002829110686,37.54954050092772,120.0,0.0006892509991303086,0.0,0.0,0.0,0.0006765100115444511,0.0006235089967958629,memory_hit,4001,4001,16008001,,
exact_cache_hit,5,10000.0,2,0,127.00002829110686,37.54954050092772,120.0,0.0005579870194196701,0.0,0.0,0.0,0.0005472270131576806,0.0004963550018146634,memory_hit,4001,4001,16008001,,
exact_cache_hit,5,10000.0,3,0,127.00002829110686,37.54954050092772,120.0,0.0005405959964264184,0.0,0.0,0.0,0.0005315659800544381,0.00048161399899981916,memory_hit,4001,4001,16008001,,
exact_cache_hit,5,10000.0,4,0,127.00002829110686,37.54954050092772,120.0,0.0005379960057325661,0.0,0.0,0.0,0.0005277350137475878,0.00047514401376247406,memory_hit,4001,4001,16008001,,
exact_cache_hit,5,10000.0,5,0,127.00002829110686,37.54954050092772,120.0,0.0005437670042738318,0.0,0.0,0.0,0.0005328959960024804,0.00048133498057723045,memory_hit,4001,4001,16008001,,
exact_cache_hit,5,10000.0,6,0,127.00002829110686,37.54954050092772,120.0,0.0005338060145732015,0.0,0.0,0.0,0.0005242560000624508,0.000474505010060966,memory_hit,4001,4001,16008001,,
exact_cache_hit,5,10000.0,7,0,127.00002829110686,37.54954050092772,120.0,0.0005193260149098933,0.0,0.0,0.0,0.0005098549881950021,0.0004595339996740222,memory_hit,4001,4001,16008001,,
exact_cache_hit,5,10000.0,8,0,127.00002829110686,37.54954050092772,120.0,0.0005364170065149665,0.0,0.0,0.0,0.0005267859960440546,0.000477305002277717,memory_hit,4001,4001,16008001,,
exact_cache_hit,5,10000.0,9,0,127.00002829110686,37.54954050092772,120.0,0.0005271260160952806,0.0,0.0,0.0,0.0005171660159248859,0.0004618940001819283,memory_hit,4001,4001,16008001,,
exact_cache_hit,5,10000.0,10,0,127.00002829110686,37.54954050092772,120.0,0.000558316009119153,0.0,0.0,0.0,0.0005486059817485511,0.0004981739912182093,memory_hit,4001,4001,16008001,,
exact_cache_hit,5,10000.0,11,0,127.00002829110686,37.54954050092772,120.0,0.0005285060033202171,0.0,0.0,0.0,0.0005194649857003242,0.0004678939876612276,memory_hit,4001,4001,16008001,,
exact_cache_hit,5,10000.0,12,0,127.00002829110686,37.54954050092772,120.0,0.0005088660109322518,0.0,0.0,0.0,0.0004997150099370629,0.0004503740055952221,memory_hit,4001,4001,16008001,,
exact_cache_hit,5,10000.0,13,0,127.00002829110686,37.54954050092772,120.0,0.0005276460142340511,0.0,0.0,0.0,0.0005178560095373541,0.0004695639945566654,memory_hit,4001,4001,16008001,,
exact_cache_hit,5,10000.0,14,0,127.00002829110686,37.54954050092772,120.0,0.0005309259868226945,0.0,0.0,0.0,0.0005215160199441016,0.0004740240110550076,memory_hit,4001,4001,16008001,,
exact_cache_hit,5,10000.0,15,0,127.00002829110686,37.54954050092772,120.0,0.0005443069967441261,0.0,0.0,0.0,0.0005337460024747998,0.00048309500562027097,memory_hit,4001,4001,16008001,,
exact_cache_hit,5,10000.0,16,0,127.00002829110686,37.54954050092772,120.0,0.0005276260199025273,0.0,0.0,0.0,0.0005182460008654743,0.00046893401304259896,memory_hit,4001,4001,16008001,,
exact_cache_hit,5,10000.0,17,0,127.00002829110686,37.54954050092772,120.0,0.0005500859988387674,0.0,0.0,0.0,0.0005403460236266255,0.000490645004902035,memory_hit,4001,4001,16008001,,
exact_cache_hit,5,10000.0,18,0,127.00002829110686,37.54954050092772,120.0,0.0036579000006895512,0.0,0.0,0.0,0.003615888999775052,0.00045901400153525174,memory_hit,4001,4001,16008001,,
exact_cache_hit,5,10000.0,19,0,127.00002829110686,37.54954050092772,120.0,0.0018555549904704094,0.0,0.0,0.0,0.0018265250255353749,0.001754563010763377,memory_hit,4001,4001,16008001,,
exact_cache_hit,5,10000.0,20,0,127.00002829110686,37.54954050092772,120.0,0.0005657369911205024,0.0,0.0,0.0,0.0005542560247704387,0.000505035015521571,memory_hit,4001,4001,16008001,,
exact_cache_hit,5,10000.0,21,0,127.00002829110686,37.54954050092772,120.0,0.0005515769880730659,0.0,0.0,0.0,0.0005413769977167249,0.0004901749780401587,memory_hit,4001,4001,16008001,,
exact_cache_hit,5,10000.0,22,0,127.00002829110686,37.54954050092772,120.0,0.0005156350089237094,0.0,0.0,0.0,0.0005067549936939031,0.0004580029926728457,memory_hit,4001,4001,16008001,,
exact_cache_hit,5,10000.0,23,0,127.00002829110686,37.54954050092772,120.0,0.0005403160175774246,0.0,0.0,0.0,0.0005308159743435681,0.00048099400009959936,memory_hit,4001,4001,16008001,,
exact_cache_hit,5,10000.0,24,0,127.00002829110686,37.54954050092772,120.0,0.0005325460224412382,0.0,0.0,0.0,0.0005237660079728812,0.00047424400690943,memory_hit,4001,4001,16008001,,
exact_cache_hit,5,10000.0,25,0,127.00002829110686,37.54954050092772,120.0,0.000519005989190191,0.0,0.0,0.0,0.0005095660162623972,0.0004580340173561126,memory_hit,4001,4001,16008001,,
exact_cache_hit,5,10000.0,26,0,127.00002829110686,37.54954050092772,120.0,0.0005180660227779299,0.0,0.0,0.0,0.0005085750017315149,0.00045162299647927284,memory_hit,4001,4001,16008001,,
exact_cache_hit,5,10000.0,27,0,127.00002829110686,37.54954050092772,120.0,0.0005090149934403598,0.0,0.0,0.0,0.0005000350065529346,0.0004514330066740513,memory_hit,4001,4001,16008001,,
exact_cache_hit,5,10000.0,28,0,127.00002829110686,37.54954050092772,120.0,0.0005247560038696975,0.0,0.0,0.0,0.0005150049983058125,0.00046490400563925505,memory_hit,4001,4001,16008001,,
exact_cache_hit,5,10000.0,29,0,127.00002829110686,37.54954050092772,120.0,0.0005301059863995761,0.0,0.0,0.0,0.00052109599346295,0.0004717539995908737,memory_hit,4001,4001,16008001,,
